comp_id,latitude,longitude
node,30.290732,-97.7342758
node,30.1636059,-97.7909606
node,30.1636208,-97.7906431
node,30.2291546,-97.7833122
node,30.259603,-97.754585
node,30.24346,-97.7831233
node,30.3349573,-97.7393304
node,30.3582539,-97.7390479
node,30.3237706,-97.7265395
node,30.3891429,-97.7415315
node,30.1833971,-97.848193
node,30.1835825,-97.848253
node,30.183679,-97.8482015
node,30.1837829,-97.8481415
node,30.1846658,-97.8476007
node,30.1848883,-97.847472
node,30.1850367,-97.8473861
node,30.2959244,-97.7175123
node,30.3957426,-97.7473898
node,30.3997825,-97.7473547
node,30.3998188,-97.7470407
node,30.2023919,-97.8062582
node,30.2029899,-97.8054428
node,30.3910562,-97.7471925
node,30.4489286,-97.7919328
node,30.4474774,-97.7822068
node,30.460525,-97.7952331
node,30.2381148,-97.7394025
node,30.2463732,-97.7511143
node,30.2475017,-97.7700166
node,30.2477582,-97.7744273
node,30.2484184,-97.7617375
node,30.2479896,-97.7618403
node,30.2483628,-97.7616141
node,30.2462636,-97.7563516
node,30.2485095,-97.7708178
node,30.2482222,-97.7714991
node,30.2433911,-97.7642491
node,30.2493714,-97.7507924
node,30.2504524,-97.7551176
node,30.2505672,-97.7550827
node,30.2491584,-97.7548893
node,30.2446379,-97.7572419
node,30.235453,-97.7568058
node,30.2806562,-97.7584194
node,30.280369,-97.7587466
node,30.285291,-97.740764
node,30.2416355,-97.7595328
node,30.2472903,-97.7557447
node,30.2758108,-97.6689754
node,30.3140427,-97.7198644
node,30.3883743,-97.7412417
node,30.3895663,-97.7427876
node,30.3893126,-97.7426531
node,30.390847,-97.7440243
node,30.3894341,-97.7427081
node,30.3893973,-97.7423987
node,30.3955717,-97.7275147
node,30.3970126,-97.7267826
node,30.3957324,-97.727209
node,30.3963162,-97.7270504
node,30.3919479,-97.7449137
node,30.3925605,-97.7453656
node,30.3924597,-97.7451888
node,30.3925187,-97.7452779
node,30.3966875,-97.7432927
node,30.3917293,-97.7444326
node,30.3926011,-97.7454472
node,30.3836962,-97.7386043
node,30.3835861,-97.7381978
node,30.3950635,-97.7449739
node,30.3947167,-97.7443292
node,30.3943654,-97.743245
node,30.3945527,-97.7439855
node,30.3949745,-97.7447895
node,30.3944869,-97.7434973
node,30.3944093,-97.7433501
node,30.3944554,-97.7434255
node,30.3583703,-97.7382125
node,30.4034704,-97.7250457
node,30.4033734,-97.7246286
node,30.314907,-97.7337668
node,30.3150694,-97.7356391
node,30.3046677,-97.7265695
node,30.3151095,-97.7357439
node,30.3046321,-97.7264672
node,30.3149067,-97.7353474
node,30.3047571,-97.7257984
node,30.3049974,-97.7264878
node,30.3149466,-97.7337437
node,30.4003346,-97.7329976
node,30.3990221,-97.7434251
node,30.3994147,-97.7431478
node,30.3996943,-97.742957
node,30.4036023,-97.7446383
node,30.3967196,-97.7443806
node,30.3963288,-97.7442369
node,30.3951929,-97.7482542
node,30.3951159,-97.7487982
node,30.39551,-97.7479542
node,30.3956622,-97.7477767
node,30.3953171,-97.7481149
node,30.3987028,-97.747598
node,30.3999241,-97.7482899
node,30.3986006,-97.7470409
node,30.3999206,-97.7481906
node,30.3986965,-97.747521
node,30.4001738,-97.7469878
node,30.3999342,-97.7484238
node,30.3997773,-97.7472175
node,30.3987193,-97.7478
node,30.4001867,-97.7480196
node,30.3999246,-97.7480738
node,30.3987134,-97.7477284
node,30.3982724,-97.7493137
node,30.3986302,-97.7471185
node,30.3984198,-97.7469657
node,30.4003577,-97.7040339
node,30.399953,-97.7042762
node,30.4003012,-97.7040606
node,30.4002431,-97.704094
node,30.4076327,-97.7133275
node,30.3916401,-97.7193937
node,30.3601181,-97.7406521
node,30.3246626,-97.7428695
node,30.3894706,-97.7325303
node,30.3881224,-97.7330163
node,30.3896744,-97.7324516
node,30.3915761,-97.7318868
node,30.3888984,-97.7328527
node,30.3898862,-97.7323667
node,30.3874434,-97.733248
node,30.3900765,-97.7323022
node,30.3896651,-97.7332785
node,30.3877521,-97.7331428
node,30.3918392,-97.7316722
node,30.3897321,-97.7332496
node,30.3890287,-97.7327109
node,30.389175,-97.7326392
node,30.389747,-97.7324148
node,30.390625,-97.7320118
node,30.3910629,-97.7318723
node,30.389299,-97.7325841
node,30.3895991,-97.7333049
node,30.4726404,-97.7974754
node,30.3179008,-97.7216835
node,30.4656894,-97.8027044
node,30.4773919,-97.7980751
node,30.3572833,-97.7151753
node,30.3788543,-97.7246786
node,30.267606,-97.7417531
node,30.257206,-97.746593
node,30.2556863,-97.744898
node,30.225758,-97.7626944
node,30.2253771,-97.7630061
node,30.2639562,-97.74232
node,30.2767871,-97.7522018
node,30.3673716,-97.6831389
node,30.310099,-97.715232
node,30.4205474,-97.6699802
node,30.4153949,-97.6703579
node,30.4323563,-97.7714174
node,30.2450428,-97.7575655
node,30.2425708,-97.7525114
node,30.2648968,-97.7469115
node,30.2372169,-97.7525019
node,30.2373629,-97.7523866
node,30.2185316,-97.7610924
node,30.3009582,-97.7400968
node,30.1880436,-97.7699211
node,30.4206696,-97.7013403
node,30.4128571,-97.687312
node,30.4202581,-97.7014615
node,30.4155867,-97.6970069
node,30.4219075,-97.7023852
node,30.4126379,-97.6869152
node,30.4157235,-97.6974287
node,30.2845993,-97.7151648
node,30.4080684,-97.6976861
node,30.4280412,-97.6967087
node,30.2360324,-97.8765022
node,30.401616,-97.7266263
node,30.2343702,-97.8778082
node,30.2317794,-97.8834154
node,30.3952729,-97.7513535
node,30.4141543,-97.7468447
node,30.3201809,-97.6953772
node,30.3175313,-97.7217431
node,30.4005898,-97.7264951
node,30.4070468,-97.7470771
node,30.3042833,-97.72657
node,30.4284831,-97.7604218
node,30.2327604,-97.8651424
node,30.3005067,-97.7196451
node,30.2932777,-97.716018
node,30.293075,-97.7158181
node,30.2360022,-97.8762196
node,30.235796,-97.875309
node,30.2356597,-97.8739971
node,30.2356782,-97.8743055
node,30.3646456,-97.719438
node,30.3510827,-97.7193665
node,30.3876205,-97.7225876
node,30.3510432,-97.7192825
node,30.365075,-97.7196373
node,30.3638983,-97.7189973
node,30.3635565,-97.7192601
node,30.3511561,-97.7195188
node,30.3928192,-97.7260586
node,30.3660799,-97.7199001
node,30.3636004,-97.7190308
node,30.3824133,-97.7235571
node,30.3712895,-97.7278149
node,30.372575,-97.7276426
node,30.4020096,-97.7465535
node,30.359743,-97.7360804
node,30.4475756,-97.8109523
node,30.2864013,-97.7457529
node,30.3497381,-97.7343237
node,30.3727807,-97.7280496
node,30.348133,-97.714839
node,30.3729571,-97.7284262
node,30.432672,-97.7715125
node,30.4338165,-97.7723229
node,30.4340744,-97.7710801
node,30.4357452,-97.7668426
node,30.4186321,-97.7455032
node,30.4287821,-97.7604263
node,30.3639339,-97.7284603
node,30.3548459,-97.7288449
node,30.3554422,-97.7279221
node,30.3538731,-97.7253807
node,30.3639991,-97.7284448
node,30.4284031,-97.7602503
node,30.1747017,-97.8227921
node,30.1732163,-97.8217969
node,30.1735172,-97.8173035
node,30.1676566,-97.7913733
node,30.2235953,-97.7671641
node,30.2343907,-97.7207296
node,30.4137613,-97.6706293
node,30.4146437,-97.6704721
node,30.4133751,-97.6705994
node,30.41415,-97.6705496
node,30.4042646,-97.6760185
node,30.3038789,-97.7637579
node,30.3036219,-97.7639591
node,30.269119,-97.741082
node,30.265982,-97.7432184
node,30.3308551,-97.7235249
node,30.3565945,-97.7353493
node,30.3560654,-97.7359899
node,30.2005783,-97.8678802
node,30.433198,-97.7717338
node,30.4333882,-97.7710022
node,30.2739426,-97.759037
node,30.3580454,-97.7611718
node,30.2869407,-97.7449912
node,30.2008869,-97.8759539
node,30.2008996,-97.8760255
node,30.2008883,-97.8760776
node,30.2009154,-97.876197
node,30.2004688,-97.8703533
node,30.2004692,-97.8701876
node,30.2004464,-97.8695902
node,30.200262,-97.8685692
node,30.239076,-97.726939
node,30.2363792,-97.7902167
node,30.2998476,-97.7211684
node,30.3007002,-97.7206157
node,30.2997689,-97.7212159
node,30.3005972,-97.7204093
node,30.3010176,-97.7212379
node,30.3597473,-97.7391576
node,30.3596618,-97.7390727
node,30.3595549,-97.7390798
node,30.3592159,-97.7390691
node,30.359106,-97.7390656
node,30.3589196,-97.7390634
node,30.3590026,-97.7391937
node,30.2564456,-97.8912287
node,30.4529058,-97.8262099
node,30.2577247,-97.9057521
node,30.3049017,-97.7100035
node,30.432472,-97.7702757
node,30.2201874,-97.8415946
node,30.220989,-97.841331
node,30.2241928,-97.7711496
node,30.395413,-97.75191
node,30.395142,-97.752389
node,30.393758,-97.750673
node,30.395237,-97.751239
node,30.395027,-97.750578
node,30.4073935,-97.7470427
node,30.3626907,-97.7184204
node,30.3548269,-97.7552539
node,30.248576,-97.7503293
node,30.4187908,-97.700954
node,30.4054504,-97.6741901
node,30.4054372,-97.6739517
node,30.4054481,-97.6741119
node,30.2505974,-97.7490738
node,30.2501648,-97.7491938
node,30.2743154,-97.7644066
node,30.3178706,-97.7217703
node,30.2646782,-97.7460563
node,30.2646368,-97.7458184
node,30.2647398,-97.7462694
node,30.2656354,-97.7456894
node,30.2646485,-97.7459275
node,30.2647907,-97.7464805
node,30.2646994,-97.7461213
node,30.2656684,-97.7458194
node,30.2647576,-97.7463454
node,30.2646629,-97.7459918
node,30.2656885,-97.7458792
node,30.2654172,-97.7455059
node,30.2647205,-97.7461943
node,30.2656546,-97.7457548
node,30.2646352,-97.7458776
node,30.2647741,-97.7464146
node,30.2656149,-97.7462012
node,30.2652984,-97.7483057
node,30.2656151,-97.7478941
node,30.265368,-97.7485117
node,30.2656622,-97.7481675
node,30.2647149,-97.7481276
node,30.2656365,-97.7480052
node,30.265346,-97.7484503
node,30.2656742,-97.7483921
node,30.2652372,-97.7480632
node,30.2650725,-97.7475301
node,30.2653884,-97.7485957
node,30.2674916,-97.7494254
node,30.2676672,-97.7493712
node,30.2674245,-97.7494501
node,30.2477449,-97.7745241
node,30.2653725,-97.7469478
node,30.248218,-97.7695733
node,30.2105893,-97.726309
node,30.2197651,-97.7562975
node,30.3239455,-97.726421
node,30.2663936,-97.7363723
node,30.2669823,-97.7368594
node,30.2665406,-97.7378026
node,30.2665683,-97.7379017
node,30.2394202,-97.8393064
node,30.2993758,-97.7407578
node,30.2413297,-97.7604481
node,30.2479798,-97.7694656
node,30.206266,-97.717452
node,30.3591803,-97.734772
node,30.3183477,-97.7244911
node,30.2844226,-97.7194198
node,30.3275046,-97.7399214
node,30.3268687,-97.7394092
node,30.2377465,-97.7532863
node,30.264897,-97.744215
node,30.2718115,-97.7542253
node,30.2676959,-97.7526645
node,30.3178471,-97.7221381
node,30.341945,-97.715793
node,30.262289,-97.722044
node,30.2597258,-97.7106481
node,30.2596629,-97.7103569
node,30.2633992,-97.7278593
node,30.26205,-97.725016
node,30.268625,-97.72816
node,30.2869359,-97.7418213
node,30.2873346,-97.7418401
node,30.3354995,-97.7391773
node,30.3362323,-97.739043
node,30.3363195,-97.7390244
node,30.336401,-97.739012
node,30.336634,-97.738972
node,30.298339,-97.7168745
node,30.286727,-97.704751
node,30.2937946,-97.7197143
node,30.343119,-97.725654
node,30.3331168,-97.7404745
node,30.333007,-97.7404879
node,30.305816,-97.735839
node,30.269843,-97.7423853
node,30.302593,-97.745094
node,30.308745,-97.740992
node,30.3645036,-97.7164007
node,30.3570212,-97.7012386
node,30.357197,-97.701103
node,30.3083865,-97.7527187
node,30.236877,-97.683957
node,30.4688262,-97.8042121
node,30.470439,-97.801425
node,30.291801,-97.735186
node,30.287877,-97.741902
node,30.288157,-97.74187
node,30.2842058,-97.7162365
node,30.268452,-97.725791
node,30.268515,-97.725598
node,30.3173618,-97.721549
node,30.3796435,-97.7146644
node,30.3797384,-97.7149812
node,30.218283,-97.796185
node,30.218213,-97.796232
node,30.2177,-97.79657
node,30.2705203,-97.7556896
node,30.2706027,-97.7559109
node,30.270566,-97.7558102
node,30.268413,-97.7532437
node,30.2684609,-97.7533812
node,30.2719615,-97.7545075
node,30.4046144,-97.6385147
node,30.4161589,-97.7065593
node,30.401027,-97.727685
node,30.2346535,-97.7205317
node,30.2333049,-97.7212476
node,30.2100032,-97.7374218
node,30.205072,-97.752477
node,30.215524,-97.763761
node,30.2037,-97.807686
node,30.172783,-97.816397
node,30.334451,-97.6690625
node,30.3347179,-97.6693045
node,30.363395,-97.685774
node,30.3584771,-97.6868097
node,30.3584204,-97.6866788
node,30.358376,-97.686557
node,30.377538,-97.6825164
node,30.148445,-97.849517
node,30.4205522,-97.7013973
node,30.4220437,-97.7017921
node,30.1619471,-97.7946454
node,30.3767379,-97.7251955
node,30.4161143,-97.695336
node,30.274208,-97.6986064
node,30.2799202,-97.7591332
node,30.2839489,-97.7198191
node,30.2825114,-97.7440516
node,30.3344026,-97.7164224
node,30.4875567,-97.7699559
node,30.4888948,-97.7721905
node,30.3578086,-97.732245
node,30.2467268,-97.7509822
node,30.2468102,-97.7509507
node,30.2467772,-97.7509614
node,30.246664,-97.7510018
node,30.2468779,-97.750934
node,30.4214809,-97.7546755
node,30.2352167,-97.7915712
node,30.3580392,-97.732797
node,30.1589979,-97.7908947
node,30.4172426,-97.6709319
node,30.3599606,-97.7365466
node,30.2570178,-97.8076194
node,30.2706015,-97.741622
node,30.4254991,-97.753651
node,30.3939811,-97.7432403
node,30.2449761,-97.7569342
node,30.4174303,-97.7453969
node,30.4171513,-97.7457711
node,30.4175892,-97.7457424
node,30.4006739,-97.7231279
node,30.2889261,-97.7077235
node,30.2429035,-97.7839568
node,30.2415727,-97.7841982
node,30.2414396,-97.7840749
node,30.2414863,-97.7836026
node,30.402139,-97.7222471
node,30.402726,-97.7224898
node,30.4028617,-97.7228837
node,30.4031144,-97.7224093
node,30.4037736,-97.7219131
node,30.4039101,-97.7207741
node,30.4024896,-97.7207032
node,30.4017013,-97.7223317
node,30.4034486,-97.722026
node,30.4029138,-97.7208307
node,30.4023748,-97.7221255
node,30.4027542,-97.7226293
node,30.400552,-97.7228508
node,30.4028738,-97.72296
node,30.4026852,-97.7200181
node,30.4030425,-97.7222539
node,30.4033502,-97.7236299
node,30.4033758,-97.7220625
node,30.4038772,-97.721868
node,30.4041039,-97.7208298
node,30.4047491,-97.7215175
node,30.403831,-97.7207438
node,30.4033441,-97.7205192
node,30.4018427,-97.7222905
node,30.402697,-97.7223457
node,30.4026967,-97.7228374
node,30.4030706,-97.7221917
node,30.4035813,-97.7219935
node,30.4039629,-97.7218394
node,30.4001222,-97.7233155
node,30.4036349,-97.7206507
node,30.4051138,-97.7218775
node,30.4016167,-97.7223824
node,30.4030256,-97.7208866
node,30.4023992,-97.7258962
node,30.4007066,-97.7264344
node,30.4021561,-97.7255331
node,30.4025918,-97.725679
node,30.4011813,-97.7267757
node,30.4023635,-97.7252905
node,30.4012422,-97.7262511
node,30.4026678,-97.7250647
node,30.4014742,-97.7266766
node,30.4029218,-97.7249135
node,30.4032076,-97.7252104
node,30.4020484,-97.7256688
node,30.4001448,-97.7264074
node,30.4024375,-97.7258527
node,30.403176,-97.7252325
node,30.4010035,-97.7263142
node,30.4025042,-97.7257716
node,30.4013062,-97.7267322
node,30.4025858,-97.7251301
node,30.4013215,-97.7262319
node,30.4027795,-97.7250038
node,30.4017349,-97.726585
node,30.4033532,-97.7251212
node,30.4018937,-97.7258637
node,30.4029889,-97.7248734
node,30.4021142,-97.7255848
node,30.4036148,-97.7249429
node,30.4024705,-97.7258146
node,30.4008301,-97.7263812
node,30.4022151,-97.7254661
node,30.4011002,-97.7262967
node,30.4022821,-97.7253916
node,30.4011714,-97.726271
node,30.4030343,-97.725319
node,30.4014519,-97.7261943
node,30.4028469,-97.7249554
node,30.401989,-97.7257384
node,30.4002436,-97.7266332
node,30.40074,-97.7274508
node,30.4011455,-97.7270806
node,30.3706776,-97.7263897
node,30.3481931,-97.7341046
node,30.3806103,-97.7236972
node,30.3811598,-97.7241663
node,30.395351,-97.7196418
node,30.2848512,-97.7168812
node,30.2341875,-97.7927091
node,30.2356735,-97.7909428
node,30.3068247,-97.7405894
node,30.3069424,-97.740541
node,30.2430107,-97.7287203
node,30.1854372,-97.873215
node,30.1858585,-97.8724653
node,30.2585138,-97.7874921
node,30.421537,-97.6713109
node,30.3434915,-97.7067737
node,30.2577674,-97.8073611
node,30.2289834,-97.7842663
node,30.2020961,-97.6700119
node,30.2020949,-97.6699207
node,30.2023128,-97.6688532
node,30.2020462,-97.6684052
node,30.2021073,-97.6681507
node,30.2019919,-97.6674091
node,30.2020451,-97.6668576
node,30.2020284,-97.6664794
node,30.2020416,-97.6663252
node,30.2021332,-97.6653448
node,30.2022375,-97.665149
node,30.202365,-97.6650297
node,30.202387,-97.6650592
node,30.2702996,-97.7550986
node,30.3133522,-97.7055403
node,30.2498295,-97.7499006
node,30.3059378,-97.743068
node,30.2649121,-97.7372596
node,30.3771705,-97.6820636
node,30.1590674,-97.7909551
node,30.3944322,-97.743375
node,30.4689298,-97.8006543
node,30.4048655,-97.8515313
node,30.4695308,-97.8065295
node,30.4715735,-97.8068317
node,30.4718077,-97.8054045
node,30.4694073,-97.8079294
node,30.4711243,-97.8059046
node,30.4712196,-97.8058075
node,30.4710522,-97.8059783
node,30.4709816,-97.8059956
node,30.4709564,-97.806294
node,30.470898,-97.8063565
node,30.4708415,-97.8064206
node,30.4707975,-97.806476
node,30.4706797,-97.806585
node,30.4706019,-97.806673
node,30.4704448,-97.8068648
node,30.4703356,-97.8066836
node,30.4704527,-97.8065511
node,30.4706378,-97.8063884
node,30.4707234,-97.8063264
node,30.4707888,-97.8062516
node,30.470562,-97.8064739
node,30.4709244,-97.8060737
node,30.4708377,-97.8062049
node,30.4707016,-97.8064369
node,30.4699636,-97.8073532
node,30.4701615,-97.80715
node,30.4700852,-97.8069437
node,30.4693889,-97.8073938
node,30.4695694,-97.8072007
node,30.4696465,-97.8071215
node,30.4697288,-97.8070239
node,30.469233,-97.8075646
node,30.4695263,-97.8080752
node,30.4699111,-97.8069121
node,30.4699882,-97.8068105
node,30.4703857,-97.8064144
node,30.4710971,-97.8063206
node,30.4699951,-97.8070564
node,30.4702439,-97.8070523
node,30.4703385,-97.8069792
node,30.470153,-97.8068598
node,30.4702464,-97.8067767
node,30.4700687,-97.8072577
node,30.4696588,-97.8076662
node,30.4697481,-97.8075748
node,30.4698824,-97.8071603
node,30.4695449,-97.807776
node,30.4697217,-97.8077619
node,30.4696483,-97.8074145
node,30.4694875,-97.8075573
node,30.4695465,-97.807926
node,30.4696684,-97.8079246
node,30.4704799,-97.8063083
node,30.4705439,-97.806231
node,30.4706067,-97.8061509
node,30.470672,-97.8060824
node,30.4708605,-97.8059847
node,30.4707562,-97.8060299
node,30.4710602,-97.8057807
node,30.4711456,-97.8056889
node,30.4709961,-97.8058433
node,30.4709396,-97.8059118
node,30.4710413,-97.8063724
node,30.4709308,-97.8064861
node,30.4708718,-97.8065429
node,30.4708203,-97.8065939
node,30.4707612,-97.8066522
node,30.4713416,-97.806062
node,30.4711783,-97.8062296
node,30.4712398,-97.8061727
node,30.4712913,-97.8061217
node,30.4714081,-97.8060051
node,30.4706746,-97.806693
node,30.4702726,-97.8072119
node,30.470206,-97.8072556
node,30.4701018,-97.8073605
node,30.4698857,-97.8076549
node,30.4699045,-97.8075252
node,30.4698292,-97.807722
node,30.4700113,-97.8075077
node,30.4697651,-97.8076753
node,30.4090869,-97.6801591
node,30.4731017,-97.8011579
node,30.4674808,-97.7895708
node,30.4675703,-97.7894579
node,30.4024831,-97.7219847
node,30.3787147,-97.6574268
node,30.3786957,-97.6574834
node,30.3786651,-97.657589
node,30.4704976,-97.7963442
node,30.2611372,-97.7166643
node,30.2592017,-97.7311205
node,30.2975784,-97.7673071
node,30.344609,-97.7364776
node,30.4053659,-97.7207461
node,30.3783519,-97.7245634
node,30.2479311,-97.7726228
node,30.2091045,-97.8042351
node,30.2355146,-97.791143
node,30.2636751,-97.7571962
node,30.2318381,-97.7963093
node,30.2312221,-97.7978963
node,30.2305222,-97.7989706
node,30.2307817,-97.799566
node,30.2307609,-97.7996948
node,30.2307284,-97.7990242
node,30.2306566,-97.7989947
node,30.2306937,-97.7984019
node,30.2308119,-97.7984368
node,30.2309742,-97.8010251
node,30.2327916,-97.8029134
node,30.2326804,-97.8047682
node,30.2330871,-97.8071781
node,30.2035662,-97.8071892
node,30.2023793,-97.8060681
node,30.2023654,-97.8059474
node,30.2146977,-97.7998201
node,30.2150527,-97.7998147
node,30.2159701,-97.7997667
node,30.2169962,-97.7967516
node,30.230049,-97.7913148
node,30.2375086,-97.7937556
node,30.2414714,-97.7837353
node,30.2426753,-97.782523
node,30.2460551,-97.7777916
node,30.246941,-97.7777011
node,30.2521744,-97.7636794
node,30.2597651,-97.7582712
node,30.4036516,-97.7219615
node,30.3213408,-97.7059205
node,30.2262621,-97.7055372
node,30.419628,-97.7535822
node,30.2718676,-97.753551
node,30.2719579,-97.7546132
node,30.2711425,-97.7544791
node,30.2710754,-97.7545139
node,30.2731069,-97.7575314
node,30.272778,-97.7578345
node,30.2728938,-97.7581403
node,30.2592861,-97.7463954
node,30.2064399,-97.8058597
node,30.2338589,-97.7924116
node,30.2021254,-97.8065168
node,30.2339884,-97.7925307
node,30.2346279,-97.7930186
node,30.2341027,-97.7926619
node,30.2343361,-97.7928173
node,30.2343894,-97.7928791
node,30.2337456,-97.7923003
node,30.2353445,-97.7913827
node,30.2078409,-97.8159219
node,30.2081715,-97.8152049
node,30.2380704,-97.7978237
node,30.3315555,-97.8100086
node,30.358914,-97.7390611
node,30.2336123,-97.7921304
node,30.445395,-97.7902944
node,30.2678142,-97.7408405
node,30.2688842,-97.7289508
node,30.2470172,-97.7509642
node,30.3823572,-97.6850422
node,30.2080197,-97.8047869
node,30.2330211,-97.821344
node,30.2339105,-97.8236535
node,30.2323071,-97.8251421
node,30.3333825,-97.7407947
node,30.3559384,-97.7038047
node,30.3536427,-97.7038935
node,30.3804123,-97.7146781
node,30.3801664,-97.7141836
node,30.3812936,-97.7147135
node,30.3823231,-97.7131797
node,30.3830607,-97.7127978
node,30.3834875,-97.7141454
node,30.3834412,-97.7164282
node,30.3847819,-97.7123629
node,30.3846388,-97.7124767
node,30.43114,-97.764474
node,30.4233069,-97.7111341
node,30.3911808,-97.7475167
node,30.3666549,-97.6954912
node,30.365857,-97.6974599
node,30.3660726,-97.6973128
node,30.3661532,-97.6972591
node,30.366257,-97.697201
node,30.3664803,-97.697067
node,30.3667501,-97.6969299
node,30.3670053,-97.6967651
node,30.3670984,-97.6964924
node,30.3669203,-97.6960364
node,30.3667714,-97.6957083
node,30.3660653,-97.6964317
node,30.3658008,-97.696596
node,30.3655901,-97.6967128
node,30.3888236,-97.7415122
node,30.2215602,-97.8411937
node,30.4034114,-97.7250841
node,30.298528,-97.7189613
node,30.4457022,-97.790527
node,30.4473275,-97.7921039
node,30.4472417,-97.7920724
node,30.4468912,-97.7918968
node,30.4468562,-97.7918785
node,30.4465951,-97.7917687
node,30.4469681,-97.7911397
node,30.4471661,-97.7908022
node,30.4472058,-97.7910747
node,30.4451844,-97.7898537
node,30.4450715,-97.7896343
node,30.4449772,-97.7895412
node,30.4448734,-97.7893926
node,30.4062329,-97.7462707
node,30.4065633,-97.7469638
node,30.4066942,-97.7469427
node,30.2293601,-97.7851482
node,30.2660885,-97.74376
node,30.3532661,-97.7542549
node,30.3532369,-97.7542184
node,30.3531857,-97.7541302
node,30.3269997,-97.7394028
node,30.2444044,-97.7222414
node,30.4417283,-97.7425762
node,30.4253907,-97.7169129
node,30.4253275,-97.7167792
node,30.3440886,-97.7385612
node,30.4373622,-97.7588475
node,30.4175511,-97.7456346
node,30.4963893,-97.7743369
node,30.3810005,-97.7279968
node,30.278932,-97.6844522
node,30.4467702,-97.8044086
node,30.2835691,-97.741555
node,30.3429842,-97.6785158
node,30.2288094,-97.7677628
node,30.4180186,-97.6704035
node,30.4169668,-97.6700235
node,30.4162408,-97.6701867
node,30.416181,-97.6720861
node,30.4211874,-97.6667538
node,30.4112594,-97.6716582
node,30.4144747,-97.6705021
node,30.4170979,-97.6699392
node,30.417226,-97.6708144
node,30.4172625,-97.6710742
node,30.4983547,-97.7778672
node,30.4985704,-97.7772679
node,30.4332529,-97.7717716
node,30.4330566,-97.7716724
node,30.4321579,-97.771328
node,30.4325539,-97.7714843
node,30.432872,-97.771595
node,30.4320668,-97.7711666
node,30.4416723,-97.7451094
node,30.4419337,-97.7444091
node,30.4418747,-97.7439125
node,30.4419491,-97.7439453
node,30.4245292,-97.7145694
node,30.401731,-97.7260378
node,30.4007676,-97.7264075
node,30.3977852,-97.7267457
node,30.4682426,-97.8022834
node,30.4684158,-97.801864
node,30.4686474,-97.801444
node,30.468776,-97.8011125
node,30.469407,-97.7993871
node,30.2624189,-97.7251873
node,30.4713802,-97.7968242
node,30.4710161,-97.7967409
node,30.4718143,-97.7968348
node,30.47208,-97.7969406
node,30.4722623,-97.7969909
node,30.4727531,-97.7971138
node,30.4463267,-97.7865015
node,30.4464174,-97.7866131
node,30.4462469,-97.7863786
node,30.4459955,-97.7860239
node,30.4458338,-97.7855793
node,30.2576822,-97.7149778
node,30.2577772,-97.7271686
node,30.261133,-97.6978681
node,30.2610577,-97.6977998
node,30.2673527,-97.6931123
node,30.1944839,-97.7764929
node,30.1945016,-97.7765351
node,30.281371,-97.709648
node,30.4714934,-97.7998666
node,30.4711078,-97.7997333
node,30.4716726,-97.8011551
node,30.4701598,-97.7993244
node,30.4698531,-97.7992026
node,30.268971,-97.7406286
node,30.4156221,-97.6972432
node,30.2562617,-97.7031345
node,30.3715088,-97.7245372
node,30.4179812,-97.702472
node,30.4179912,-97.7025542
node,30.4180621,-97.7027029
node,30.4180193,-97.7027935
node,30.4170695,-97.7033711
node,30.4171349,-97.7038875
node,30.4171908,-97.7040192
node,30.4172988,-97.7042275
node,30.2645983,-97.7215295
node,30.3375475,-97.7174903
node,30.2460356,-97.7569882
node,30.3230257,-97.7278765
node,30.4180317,-97.7067928
node,30.4196245,-97.7021498
node,30.4197756,-97.7020967
node,30.4216681,-97.7006465
node,30.4171305,-97.745638
node,30.4170986,-97.7455233
node,30.390326,-97.7321565
node,30.3869992,-97.7421205
node,30.3871281,-97.742147
node,30.3866027,-97.7404918
node,30.3868432,-97.7406053
node,30.387238,-97.7407602
node,30.387802,-97.7410768
node,30.3880009,-97.7411835
node,30.3886273,-97.741476
node,30.3929061,-97.749042
node,30.3928785,-97.7486812
node,30.3927684,-97.7481959
node,30.3926196,-97.7481991
node,30.3924255,-97.7483651
node,30.3920041,-97.7481751
node,30.4082124,-97.7470981
node,30.408191,-97.7469245
node,30.4120422,-97.6896951
node,30.2855296,-97.7419985
node,30.2959713,-97.7445776
node,30.2955995,-97.7441504
node,30.29553,-97.7441558
node,30.2607713,-97.6685512
node,30.2656871,-97.7495546
node,30.3907146,-97.7225792
node,30.2674636,-97.752496
node,30.2673902,-97.7526443
node,30.2591459,-97.8086836
node,30.2574883,-97.8069791
node,30.2589953,-97.8060772
node,30.2579603,-97.8057607
node,30.2567857,-97.8051867
node,30.3706199,-97.6922188
node,30.4127572,-97.6761612
node,30.4137823,-97.6759269
node,30.4003845,-97.658038
node,30.3621481,-97.7413961
node,30.3619398,-97.7412701
node,30.3601455,-97.7369254
node,30.3617073,-97.7402196
node,30.3616366,-97.7401014
node,30.3615498,-97.7399166
node,30.3614743,-97.7397566
node,30.3614162,-97.7396217
node,30.3609305,-97.7395883
node,30.3612583,-97.7395856
node,30.3602633,-97.737226
node,30.3598379,-97.7362709
node,30.3596848,-97.7359521
node,30.3639327,-97.7295349
node,30.363877,-97.7296954
node,30.3639309,-97.7296466
node,30.3639459,-97.729603
node,30.3639426,-97.7295627
node,30.357957,-97.7318934
node,30.3579638,-97.7326696
node,30.3579755,-97.7320281
node,30.3578425,-97.7316272
node,30.3576834,-97.7313148
node,30.3571658,-97.7312723
node,30.3576547,-97.7312413
node,30.3417987,-97.7391197
node,30.3406268,-97.7384275
node,30.3334217,-97.7408289
node,30.3333449,-97.7407419
node,30.3331804,-97.7405473
node,30.3323364,-97.7406666
node,30.3428277,-97.7254445
node,30.3427775,-97.7254682
node,30.3428891,-97.7254254
node,30.3471081,-97.7143961
node,30.3471533,-97.7144893
node,30.3508077,-97.715456
node,30.3513892,-97.7151593
node,30.350266,-97.715868
node,30.3483297,-97.7156121
node,30.3484772,-97.7155325
node,30.3493316,-97.7172267
node,30.3461163,-97.7147174
node,30.3495336,-97.717762
node,30.3496645,-97.7180327
node,30.3503928,-97.7174213
node,30.3506016,-97.7170185
node,30.352102,-97.7163709
node,30.3516122,-97.7161999
node,30.4136827,-97.6718339
node,30.4137537,-97.6723238
node,30.4161656,-97.6719921
node,30.4215188,-97.6711282
node,30.4248,-97.6698646
node,30.4250313,-97.6700927
node,30.4248323,-97.6698486
node,30.4148553,-97.6755012
node,30.4108831,-97.6765207
node,30.4108162,-97.6764379
node,30.4106488,-97.6762326
node,30.411211,-97.6760259
node,30.4120263,-97.6755131
node,30.4120285,-97.6756327
node,30.4120472,-97.6756989
node,30.4072651,-97.6790654
node,30.4067506,-97.6788275
node,30.3815162,-97.6870574
node,30.3821462,-97.6877804
node,30.3821189,-97.6876992
node,30.3821977,-97.6894127
node,30.3829895,-97.6945596
node,30.3829953,-97.6943873
node,30.3831009,-97.6942676
node,30.3820398,-97.6934012
node,30.3802177,-97.6895162
node,30.380358,-97.6897162
node,30.3810273,-97.6871869
node,30.3811395,-97.6880655
node,30.3807303,-97.6865088
node,30.3807155,-97.6863845
node,30.3877688,-97.7102424
node,30.3858186,-97.7114017
node,30.3840972,-97.712861
node,30.3828382,-97.714765
node,30.3828949,-97.711594
node,30.3860291,-97.7174745
node,30.3817306,-97.7136885
node,30.4126248,-97.7467941
node,30.3241797,-97.716113
node,30.2985777,-97.7190661
node,30.3001159,-97.7213443
node,30.2998294,-97.7215325
node,30.2997248,-97.7215978
node,30.3001021,-97.7192396
node,30.3006557,-97.7205149
node,30.3008235,-97.7208508
node,30.2957566,-97.7173933
node,30.2957424,-97.7173439
node,30.2957081,-97.7172644
node,30.2953896,-97.7170795
node,30.2953126,-97.7170642
node,30.295059,-97.7170196
node,30.2951933,-97.7170436
node,30.2945123,-97.7178736
node,30.2960741,-97.7180267
node,30.2960327,-97.7179253
node,30.2948601,-97.7201828
node,30.2644126,-97.7341442
node,30.2642299,-97.7338316
node,30.3028787,-97.699105
node,30.3028162,-97.6991412
node,30.2359547,-97.8757441
node,30.2755351,-97.816408
node,30.3015405,-97.6997334
node,30.3015455,-97.6995598
node,30.3014789,-97.6994057
node,30.3014217,-97.6970988
node,30.2993954,-97.6859427
node,30.2993236,-97.6859976
node,30.2990587,-97.6860552
node,30.2976873,-97.6869143
node,30.2975865,-97.6869629
node,30.2975094,-97.6870138
node,30.2974623,-97.6870371
node,30.293436,-97.6782032
node,30.4200952,-97.7012026
node,30.4217087,-97.7020283
node,30.4220426,-97.7023548
node,30.1807402,-97.7219806
node,30.1456043,-97.7947671
node,30.1375388,-97.7959953
node,30.1372309,-97.7958
node,30.2446618,-97.7296015
node,30.2422136,-97.7273994
node,30.2392531,-97.7197922
node,30.2335647,-97.7211512
node,30.2336376,-97.7211292
node,30.2338438,-97.7210552
node,30.2342789,-97.7208179
node,30.2347329,-97.7204939
node,30.2348257,-97.720445
node,30.2349038,-97.7203922
node,30.234971,-97.7203612
node,30.2687254,-97.7275438
node,30.4984086,-97.7776987
node,30.4985193,-97.7773358
node,30.498786,-97.7773251
node,30.4989551,-97.7774055
node,30.4992429,-97.7775352
node,30.4994084,-97.777045
node,30.499515,-97.7770159
node,30.4964209,-97.7742603
node,30.4964914,-97.7740784
node,30.497289,-97.7734964
node,30.49837,-97.7736588
node,30.4984303,-97.7734726
node,30.4984627,-97.7734008
node,30.4767164,-97.8028195
node,30.4765915,-97.8027635
node,30.4764705,-97.8026551
node,30.476398,-97.8026015
node,30.4763043,-97.8025263
node,30.4761339,-97.8024003
node,30.476363,-97.8046447
node,30.4764276,-97.8046986
node,30.4765585,-97.8048105
node,30.4745163,-97.8010301
node,30.4745482,-97.8009109
node,30.4740151,-97.801364
node,30.4738536,-97.8013072
node,30.4737892,-97.8012724
node,30.4694218,-97.7987765
node,30.4692106,-97.7999643
node,30.470035,-97.801159
node,30.4705416,-97.8014157
node,30.4706676,-97.8013929
node,30.4707294,-97.8013807
node,30.4708229,-97.8013632
node,30.4705007,-97.8009439
node,30.4704337,-97.8009148
node,30.4703523,-97.8008769
node,30.4704171,-97.7994309
node,30.4705394,-97.7994753
node,30.4706795,-97.7995317
node,30.4708168,-97.7995945
node,30.474321,-97.7941139
node,30.4755611,-97.7988648
node,30.4761927,-97.7991841
node,30.4763636,-97.7958272
node,30.476491,-97.7955447
node,30.4757536,-97.7977899
node,30.4757857,-97.7977153
node,30.4765832,-97.795322
node,30.4766415,-97.7951837
node,30.4766675,-97.7949966
node,30.4766839,-97.7949557
node,30.477994,-97.8002352
node,30.4796945,-97.7998885
node,30.4795126,-97.7998905
node,30.4657964,-97.8024623
node,30.4657185,-97.8026198
node,30.4655661,-97.8032099
node,30.2378876,-97.7927123
node,30.3818063,-97.6852472
node,30.3820845,-97.6851614
node,30.3807917,-97.6873677
node,30.380551,-97.6876209
node,30.380322,-97.6869182
node,30.3795288,-97.6881964
node,30.3794372,-97.6882441
node,30.3793207,-97.6869661
node,30.3790053,-97.6867903
node,30.3789678,-97.6866879
node,30.3787316,-97.6862725
node,30.3786868,-97.6861417
node,30.3786334,-97.6860182
node,30.3777269,-97.6864259
node,30.3776266,-97.6864777
node,30.3775747,-97.686512
node,30.3775175,-97.6865472
node,30.3774834,-97.6865659
node,30.3774405,-97.6865825
node,30.3777951,-97.6872729
node,30.3780448,-97.6874421
node,30.3772046,-97.686227
node,30.3878755,-97.68428
node,30.3883725,-97.6840826
node,30.3874028,-97.6841583
node,30.3872992,-97.6842252
node,30.3872868,-97.6842316
node,30.3544786,-97.7264226
node,30.4538982,-97.7894045
node,30.4482392,-97.7938819
node,30.2985959,-97.7045549
node,30.2987414,-97.7044672
node,30.3014701,-97.7031126
node,30.2970733,-97.7043779
node,30.2986844,-97.7074662
node,30.2987646,-97.7016753
node,30.2987617,-97.7018181
node,30.2982911,-97.7018952
node,30.2650592,-97.7455919
node,30.2989636,-97.7043192
node,30.3251209,-97.7151095
node,30.2788207,-97.7416175
node,30.3883901,-97.7201692
node,30.2150748,-97.8336555
node,30.1833632,-97.689574
node,30.2552024,-97.7303954
node,30.257162,-97.7260197
node,30.2578954,-97.7259628
node,30.1820982,-97.7821076
node,30.2731723,-97.7533492
node,30.2677281,-97.7524883
node,30.4535328,-97.8288396
node,30.453347,-97.8286953
node,30.4582606,-97.8222982
node,30.4583797,-97.8221819
node,30.2562065,-97.7396048
node,30.257295,-97.7392212
node,30.2672443,-97.7495028
node,30.2662487,-97.74413
node,30.2749478,-97.7358675
node,30.4475163,-97.7925595
node,30.4440703,-97.8318545
node,30.2229163,-97.7613911
node,30.2415178,-97.7833969
node,30.2236613,-97.8386302
node,30.2238059,-97.8391343
node,30.2238271,-97.8392398
node,30.2238463,-97.8393355
node,30.3369767,-97.716687
node,30.2646679,-97.7294142
node,30.2125425,-97.8306502
node,30.2680608,-97.7265435
node,30.268118,-97.7267087
node,30.3038995,-97.7638597
node,30.3352478,-97.7392423
node,30.2648737,-97.7419937
node,30.2340032,-97.8771132
node,30.4151099,-97.6701424
node,30.2634756,-97.7313517
node,30.2638084,-97.7322925
node,30.1748482,-97.8241728
node,30.1947776,-97.7790372
node,30.3651646,-97.7173741
node,30.2488936,-97.7555325
node,30.2491328,-97.7550171
node,30.2785015,-97.7436932
node,30.1606037,-97.7914735
node,30.254148,-97.7166574
node,30.2310889,-97.7296869
node,30.3351968,-97.8051836
node,30.4474932,-97.7934461
node,30.3545036,-97.7304376
node,30.3539282,-97.7310881
node,30.4153465,-97.6965637
node,30.2950176,-97.7429665
node,30.3931403,-97.8453855
node,30.2510725,-97.7661762
node,30.3845477,-97.7125081
node,30.3154352,-97.7345834
node,30.3240482,-97.7399634
node,30.3178564,-97.7396297
node,30.3298164,-97.7402783
node,30.3523824,-97.7102804
node,30.4382245,-97.6962679
node,30.2027089,-97.8788391
node,30.3380817,-97.7181812
node,30.3379317,-97.7181915
node,30.3257571,-97.7156464
node,30.3268909,-97.7149352
node,30.3257605,-97.714923
node,30.325885,-97.7157303
node,30.231285,-97.7975426
node,30.2311337,-97.7982378
node,30.2358088,-97.8563102
node,30.2068532,-97.8355661
node,30.2069844,-97.8354826
node,30.1795719,-97.8401983
node,30.1796191,-97.8402807
node,30.1951366,-97.8431816
node,30.2959861,-97.7432995
node,30.2038901,-97.8791948
node,30.2626483,-97.725738
node,30.2626956,-97.725872
node,30.2625667,-97.7248069
node,30.262582,-97.7248577
node,30.2625951,-97.724901
node,30.299084,-97.7046302
node,30.2980267,-97.7041059
node,30.2980063,-97.7040406
node,30.2379022,-97.7551361
node,30.2984224,-97.7053745
node,30.2077145,-97.7810866
node,30.2456368,-97.7525759
node,30.2647916,-97.7320162
node,30.2642618,-97.7327019
node,30.264119,-97.7322704
node,30.1665671,-97.7889995
node,30.2148548,-97.8332012
node,30.2148793,-97.8332518
node,30.2147991,-97.8330862
node,30.2147799,-97.8330465
node,30.2154751,-97.8339547
node,30.2155332,-97.8339748
node,30.2152513,-97.8332815
node,30.2556925,-97.7622199
node,30.2558149,-97.762492
node,30.2558949,-97.7626515
node,30.2563585,-97.7629923
node,30.2552476,-97.7622025
node,30.2550657,-97.7623148
node,30.2008139,-97.8648227
node,30.2370789,-97.7526271
node,30.2458593,-97.7797521
node,30.212644,-97.8304281
node,30.2126997,-97.8302217
node,30.2126843,-97.8302797
node,30.2123672,-97.8307542
node,30.2124625,-97.8306976
node,30.2333287,-97.8287203
node,30.4694811,-97.7902533
node,30.3065711,-97.7408385
node,30.3063445,-97.7409862
node,30.2620466,-97.7013606
node,30.3547322,-97.7550468
node,30.4158231,-97.6977385
node,30.4165662,-97.7498208
node,30.3309103,-97.7309023
node,30.4030223,-97.7204285
node,30.4079873,-97.6983724
node,30.2445036,-97.7689658
node,30.2022707,-97.6653774
node,30.2021549,-97.6657973
node,30.2022544,-97.6654085
node,30.2021284,-97.6654687
node,30.2021296,-97.6653784
node,30.2021254,-97.6654346
node,30.1604135,-97.7942878
node,30.4056561,-97.7193376
node,30.2215527,-97.8411063
node,30.3708473,-97.7249943
node,30.3625845,-97.7287356
node,30.2007993,-97.7648722
node,30.3929162,-97.7068246
node,30.3054583,-97.7360515
node,30.3633558,-97.7284898
node,30.3034565,-97.715624
node,30.2715925,-97.6966229
node,30.363415,-97.7284759
node,30.3358132,-97.7391306
node,30.1750796,-97.8269414
node,30.3547586,-97.7551111
node,30.3519929,-97.7565313
node,30.3340299,-97.7209457
node,30.2717814,-97.753271
node,30.2478149,-97.7746824
node,30.3432699,-97.7150023
node,30.3428659,-97.7151126
node,30.2660438,-97.695952
node,30.4031684,-97.7247658
node,30.3957979,-97.7272069
node,30.3956484,-97.7272143
node,30.3968298,-97.7269874
node,30.3966334,-97.7270551
node,30.3969724,-97.7269473
node,30.4032295,-97.7247269
node,30.4032919,-97.7246873
node,30.3955732,-97.7274496
node,30.3968667,-97.7272179
node,30.3965461,-97.7270819
node,30.2121845,-97.7160327
node,30.3954145,-97.7515194
node,30.3950486,-97.7524505
node,30.3949645,-97.7503286
node,30.2661053,-97.6959637
node,30.2653337,-97.6944632
node,30.2759228,-97.6989575
node,30.2869665,-97.7057127
node,30.3353705,-97.7201382
node,30.2661701,-97.6959764
node,30.2765211,-97.6997242
node,30.4153229,-97.6964977
node,30.2122883,-97.7300905
node,30.2187928,-97.8423011
node,30.3223603,-97.7139215
node,30.2192612,-97.8425366
node,30.1694504,-97.6215795
node,30.3834324,-97.6850586
node,30.2750333,-97.7200356
node,30.3439559,-97.7154911
node,30.344312,-97.7152639
node,30.3444529,-97.715186
node,30.3439332,-97.7141785
node,30.3440134,-97.7141302
node,30.3453029,-97.7132186
node,30.3360503,-97.7169309
node,30.3362008,-97.7167964
node,30.3365001,-97.7166829
node,30.3367998,-97.7165906
node,30.337152,-97.716683
node,30.3328841,-97.7160208
node,30.3327087,-97.7156947
node,30.344507,-97.7151546
node,30.3643836,-97.7160474
node,30.488697,-97.7723363
node,30.4882674,-97.7722464
node,30.3080981,-97.7536756
node,30.3224174,-97.7281683
node,30.2049001,-97.6411289
node,30.3722956,-97.7272291
node,30.2741279,-97.7641519
node,30.2740609,-97.7640583
node,30.2704389,-97.7554494
node,30.278212,-97.7731642
node,30.3790023,-97.6283642
node,30.2679249,-97.7519471
node,30.2841428,-97.7449039
node,30.4081465,-97.6982457
node,30.4081335,-97.6979094
node,30.1572378,-97.744233
node,30.158921,-97.7450048
node,30.1587776,-97.7451122
node,30.1805152,-97.7479357
node,30.2674418,-97.742806
node,30.2655558,-97.6958098
node,30.415944,-97.6950891
node,30.4154677,-97.696745
node,30.4161459,-97.6977189
node,30.3913032,-97.6593661
node,30.4425585,-97.7742878
node,30.2747974,-97.6359009
node,30.4420387,-97.7442409
node,30.1943681,-97.7451868
node,30.1966722,-97.7430494
node,30.2744922,-97.8015455
node,30.4175208,-97.7002986
node,30.1841287,-97.7919003
node,30.1834682,-97.7920355
node,30.1841737,-97.7918806
node,30.2413395,-97.7836731
node,30.2020701,-97.8059851
node,30.356669,-97.6861182
node,30.3565894,-97.685977
node,30.356642,-97.6860507
node,30.3568455,-97.6864207
node,30.3568066,-97.6865667
node,30.3565104,-97.6868834
node,30.3564661,-97.687156
node,30.3563546,-97.687386
node,30.3565379,-97.6877771
node,30.3573932,-97.6854389
node,30.357449,-97.6854019
node,30.358865,-97.6865926
node,30.2175397,-97.7958242
node,30.3537475,-97.7046128
node,30.370563,-97.7244389
node,30.2850413,-97.7046933
node,30.3050991,-97.6814773
node,30.3305802,-97.6798964
node,30.3305191,-97.6797602
node,30.3304626,-97.6796257
node,30.2854571,-97.6838093
node,30.2327418,-97.8215905
node,30.4386743,-97.7765264
node,30.4385797,-97.7763495
node,30.2676278,-97.755067
node,30.3073046,-97.7069504
node,30.3048401,-97.7098752
node,30.304796,-97.7097916
node,30.3055653,-97.7110019
node,30.3055159,-97.710905
node,30.3054189,-97.7107091
node,30.3052761,-97.710432
node,30.3051268,-97.7083556
node,30.3061952,-97.7150494
node,30.1987949,-97.7613178
node,30.1626209,-97.79131
node,30.1625935,-97.7912176
node,30.1626529,-97.7914059
node,30.3043914,-97.7143905
node,30.254485,-97.7372989
node,30.3202858,-97.7571137
node,30.2369411,-97.8473974
node,30.2590924,-97.7235382
node,30.2596825,-97.7104464
node,30.2567021,-97.7119038
node,30.3505706,-97.6765249
node,30.214105,-97.7627317
node,30.2758647,-97.7650759
node,30.2761339,-97.7656294
node,30.2761943,-97.7657553
node,30.2762549,-97.7658817
node,30.2763101,-97.7659968
node,30.2752915,-97.7649463
node,30.4211495,-97.6624548
node,30.2294908,-97.7851433
node,30.2834154,-97.7417398
node,30.3756063,-97.6786202
node,30.3497593,-97.6927311
node,30.4312443,-97.7646787
node,30.1590453,-97.7908831
node,30.2008928,-97.7650142
node,30.2008468,-97.7649468
node,30.1897776,-97.7741776
node,30.2005063,-97.7644952
node,30.3365988,-97.719316
node,30.429073,-97.6818904
node,30.1563466,-97.7943013
node,30.2696859,-97.7541229
node,30.2542138,-97.7630361
node,30.2524145,-97.7643559
node,30.2518212,-97.7640244
node,30.2363844,-97.8207958
node,30.2359812,-97.8211205
node,30.4018006,-97.7265582
node,30.2727664,-97.7993537
node,30.2289966,-97.7877432
node,30.231969,-97.7875874
node,30.2597194,-97.7461901
node,30.2307977,-97.8027881
node,30.2764791,-97.7494502
node,30.4029353,-97.7204122
node,30.2706506,-97.754749
node,30.3909155,-97.7066097
node,30.4468894,-97.7816781
node,30.3823241,-97.7231187
node,30.2022776,-97.6633536
node,30.2022393,-97.6641924
node,30.2023822,-97.6631829
node,30.2976746,-97.7415504
node,30.2976297,-97.7415763
node,30.297445,-97.7416753
node,30.2971756,-97.7418423
node,30.3135827,-97.6880347
node,30.2741728,-97.7433375
node,30.2799806,-97.7420704
node,30.4010981,-97.7268047
node,30.4024033,-97.7217763
node,30.4031938,-97.7221433
node,30.4027668,-97.7211459
node,30.4023241,-97.7215144
node,30.2894443,-97.7067275
node,30.4028165,-97.7208686
node,30.2130695,-97.7133105
node,30.2197368,-97.7562454
node,30.2213629,-97.7567211
node,30.2214279,-97.756678
node,30.221636,-97.7558561
node,30.2353304,-97.7568953
node,30.3617057,-97.7153775
node,30.3616595,-97.7153656
node,30.3616157,-97.7153496
node,30.361143,-97.7159896
node,30.3612283,-97.7173693
node,30.3530716,-97.715697
node,30.1435797,-97.7962474
node,30.2696278,-97.7425412
node,30.2650599,-97.7385383
node,30.2651155,-97.7383559
node,30.2687463,-97.7714761
node,30.3123939,-97.7734787
node,30.313284,-97.7669227
node,30.3078726,-97.7501022
node,30.30799,-97.7500423
node,30.3593197,-97.7347
node,30.3588197,-97.7350622
node,30.2447771,-97.7518434
node,30.2196572,-97.8356592
node,30.2496332,-97.7493566
node,30.2748394,-97.7526326
node,30.2361991,-97.8212914
node,30.2331778,-97.8287686
node,30.2330916,-97.8287961
node,30.201497,-97.8788922
node,30.2015591,-97.8788727
node,30.2016389,-97.8788476
node,30.2017316,-97.8788184
node,30.203324,-97.8790922
node,30.2013545,-97.8792874
node,30.3875318,-97.7148966
node,30.3428035,-97.7257907
node,30.3320052,-97.7227875
node,30.3351442,-97.720932
node,30.2626215,-97.7249644
node,30.2627303,-97.7252766
node,30.2616589,-97.7270454
node,30.2625359,-97.7266162
node,30.2528689,-97.7638705
node,30.2530507,-97.7636947
node,30.2533924,-97.7636517
node,30.2714721,-97.7542517
node,30.2705577,-97.7548029
node,30.3474369,-97.7367842
node,30.2512566,-97.7647636
node,30.3251945,-97.7085989
node,30.1664364,-97.7896942
node,30.4614059,-97.8154102
node,30.4617216,-97.8143261
node,30.2617965,-97.726462
node,30.2618371,-97.7269743
node,30.2618329,-97.7266028
node,30.2618712,-97.7267266
node,30.4017402,-97.7260386
node,30.4017747,-97.7260235
node,30.4018316,-97.7258913
node,30.4018412,-97.7259249
node,30.3571443,-97.7012457
node,30.2082007,-97.8152563
node,30.2079828,-97.8158262
node,30.2079226,-97.8158823
node,30.2080431,-97.8157938
node,30.2080941,-97.8157609
node,30.2081496,-97.815715
node,30.2081875,-97.8156858
node,30.2082726,-97.8156205
node,30.2083178,-97.8155833
